name,lon,lat
万松小区,114.26317429325493,30.59426564651333
华南国际广场b住宅楼,114.25861160277202,30.61777715956912
新华小区(黄孝北路),114.26717873106851,30.600608076736624
泛海国际居住区·芸海园,114.22989528152031,30.59880879149836
泛海国际居住区樱海园,114.24647907959663,30.606089681592188
交运小区,114.27201314879508,30.606291357317673
盛元小区,114.28106197936057,30.581596490551
邮政小区,114.27270667150049,30.584279165020043
市政工程小区,114.25887609163746,30.60055689940169
南航小区,114.23580644306277,30.63048549050496
盛丰花园小区,114.2611457977295,30.626220197393927
妙墩小区(妙墩路),114.25637239932841,30.595033310887803
富康小区,114.24929789835254,30.636073972460974
铁路小区,114.2242151230146,30.588680077800134
水杉小区,114.29142661433974,30.578880770222117
前二小区,114.27827016334534,30.58246763428018
荣泰小区(妙墩横路),114.25666251233518,30.594109533045806
电建小区,114.23913660434633,30.61943091676287
省直小区,114.27410266132233,30.609774794946773
青年路小区,114.25812653564732,30.595149405764996
邮三小区,114.26659476580315,30.602400860203804
燕马小区,114.27736578387966,30.58307548099259
示范小区,114.23562523280754,30.619141130411528
江花小区,114.27005025600106,30.604598940236656
常二小区,114.25268559448973,30.63051844497111
西马新村小区,114.27408651111158,30.611629068198052
新98小区,114.24480894138799,30.61930744624042
格格小区,114.22574680530036,30.61901519424637
朝阳公寓小区,114.2608191198387,30.611180547515684
复兴新村小区,114.23978322233901,30.607221959900613
汉口火车站小区,114.24400154614663,30.6177680811849
聚友小区(长江日报路),114.27464582469085,30.603991507301593
电业村小区,114.2579772166649,30.58715654292826
坤元里小区,114.28466994447011,30.57840686650767
大兴巷小区,114.27915964399688,30.58048629385437
长健里小区,114.28213577474023,30.584660946474635
花楼街社区,114.28781248408937,30.58117136447366
景桥花苑小区,114.27414430272943,30.613636197111333
香港路公务员小区,114.26977479716764,30.61134250963747
安逸居小区,114.26451130447224,30.614262769705096
福康居小区,114.26171744415691,30.618082181177314
耕辛里小区,114.28292826671995,30.582220813085062
江汉路小区,114.28546592966879,30.581044776361868
新华街取水楼社区新华公寓,114.26530967113398,30.596158329124826
华银城小区,114.26951377097426,30.601367713860242
天门墩电信小区,114.271102659623,30.605755472723395
汉西苑小区,114.2220066624278,30.600003999265553
玉宇里小区,114.24627323614315,30.61452831648152
友谊路小区,114.27409920095609,30.580352171645483
三眼桥路小区,114.27233103158834,30.617271618748383
北湖小路小区,114.2585054854327,30.60750335712955
福星华府,114.24507558280641,30.63701205252176
飞行员小区,114.24575725142756,30.587643893706755
无线电厂小区,114.27404022763785,30.615238660208465
省纺织宿舍小区,114.23570872580557,30.61443307231312
省金属公司小区,114.28367582297135,30.579288900477618
华安里社区,114.23526781101735,30.61966879651359
材料研究所小区,114.24327894672616,30.618953581842742
万科金色家园,114.27536503268578,30.584637182754943
武汉长欣苑小区,114.25555680839751,30.588961001377186
菱角湖公园小区,114.269793708041,30.612279115207464
青年广场,114.2583146261381,30.59418867777753
世纪华庭,114.26430249057064,30.601041193222834
民意四路小区,114.27352382839344,30.577054007252904
复兴村小区,114.24160570127823,30.60739913164729
前进社区(自治街),114.28014063062437,30.58303612164882
香江花园三期小区,114.2704957888283,30.619230629870906
东一时区,114.2671433308472,30.593786757144535
万达广场小区,114.26224775404428,30.613748589566345
白松小区,114.26282825192465,30.59540044990868
福星·城市花园,114.27049417511809,30.591570592355975
东方商都,114.25370792239805,30.618214188644284
时尚公寓,114.24207673535848,30.611205651844163
花样年华,114.2777753501915,30.58461241969043
海虹景,114.27238809059091,30.6162299845044
江花苑,114.25579886193711,30.63518429820859
景江华庭,114.27790064740525,30.58008396640114
日月华庭(马场一路),114.26047488115061,30.6142025409604
中央荣御,114.28755786613739,30.5799002101254
利济路顺道街小区,114.27078672913109,30.583532360872326
添地公寓,114.26444995850292,30.60683679427563
香缇美景,114.22501370343711,30.61917162017763
长源家园,114.25747685918626,30.590944354778152
万景花园,114.2620440011506,30.587969830303248
南航花苑,114.23748105223628,30.63124464976394
库玛公寓,114.27805082936206,30.57666805325896
统建千禧园,114.25967357607054,30.594892652692582
香港丽都,114.27031939011272,30.613213243444456
光华苑(北湖西路),114.25941269177281,30.605205767809164
迎宾花园(江兴路),114.23145874739082,30.62785386322632
燕马社区,114.27694605815007,30.583400849199993
顶琇晶城,114.26682099560693,30.622096741928125
恒大御园,114.24461048615748,30.611511611402957
万科城(江振路),114.22977756615781,30.628522729862713
汉口花园一期B区韵竹里,114.26184009639235,30.63354967967987
东方帝园,114.25385777786657,30.620300280972135
元辰·国际住宅区,114.25889615819285,30.59978718957513
安顺佳园,114.27388939860973,30.579527702913456
红旗公寓,114.25054631455917,30.625541121563693
北斗花园,114.2696130990245,30.62025404204766
元辰世纪,114.26963097498836,30.621601472058742
西北湖公寓,114.25912963749164,30.605849672368144
富豪花园(马场角路),114.25997438064749,30.608670064340284
泰合花园,114.25631784153408,30.60143184361939
两湖官邸,114.26019070942996,30.60475649145654
凌云大厦,114.2391272292103,30.588866986330405
台银别墅,114.23246599194798,30.62749747409458
阳光丽舍,114.24329383342925,30.631988176312504
武汉市无线电厂宿舍,114.27386934494771,30.61507191045552
裕荣家园,114.24279119874075,30.611981387926868
新华明珠,114.26682434371634,30.594851613561946
江北园丁苑,114.25623583466374,30.61299827816387
民意街天仁社区,114.27368963577858,30.578156424160294
长安丽都(新华路),114.26048011728767,30.611459643704688
环保社区,114.26762622378699,30.60470108385594
佳兴苑,114.24332846448876,30.613349859748244
天下名苑,114.269990148649,30.606157379189643
金色雅园金沙苑,114.24318622849222,30.62652545688272
人智里,114.26927063417432,30.604152840615843
江北社区(江汉北路),114.27226830764653,30.59127695631895
凯旋佳园,114.23636329146808,30.615667773769154
力兴花园,114.24231377400486,30.612828017103684
王家巷社区,114.2884095374616,30.5730734780688
唐蔡社区,114.2684795098494,30.620897807308026
万松广场,114.26117980413724,30.591304119674238
菱湖上品,114.26521218633862,30.613674471790397
汉口公寓,114.24450088858062,30.61762313931683
福星惠誉·福星城北区,114.24057858842873,30.622354953496377
丰竹园,114.23298284548204,30.61302962776123
华氏儒商花园(香港路),114.27818393564775,30.609041447900726
同乐社区,114.27790333645486,30.572068915933237
满春花园,114.27607839671829,30.574888006999192
宇济花园,114.25735131911694,30.608712469849
御庭园,114.27855384591209,30.58363085581405
江汉公寓,114.27614128369079,30.575701636431038
肖家社区,114.27863946296014,30.575709697740187
永康里(三新横街),114.2832061448923,30.580656025510052
华顺公寓(江汉四路),114.28158723912385,30.584901572113427
金泰公寓(西北湖路),114.25994521743077,30.59896991091567
汉兴街常二社区,114.2519632892833,30.63154523587035
航天花园,114.24474381276767,30.60871372982982
天梨豪园,114.24494025398971,30.61664452905996
金利·明珠花园,114.25944528785159,30.609888884079098
湖影公寓,114.26482592651799,30.60619776375412
海山·友谊城,114.27508282424981,30.57758112924263
万科·圆方,114.26194850895914,30.617025460031925
恒发新村,114.27398032759287,30.614500023594623
东民里,114.27909134945415,30.58452686404285
楚宝公寓,114.28041768545427,30.579733006165736
人德里,114.26778204297432,30.606152374266124
大龙社区,114.28575810835848,30.575570393871693
金色雅园金涛苑,114.24239947519948,30.62863653525428
任冬·天下,114.27790441467783,30.582749966026597
海虹公寓,114.27117962736578,30.61727976448185
唐家墩街新村社区,114.27129181846531,30.61441781649918
商职公寓,114.2707939481615,30.61574376427708
民航里,114.23544394768334,30.631836805862974
西湖庭居,114.264621838135,30.596176850167353
三民社区,114.28177691992936,30.57507998089675
中原宿舍(香港路),114.27472324296403,30.610167965158546
民权公寓,114.28726280373606,30.572667305336193
银丰公寓(台北路),114.27232624746341,30.603209260254356
联保社区,114.28522898936109,30.58309134236684
香港路·浅水湾,114.26902986621326,30.614217036046906
金雅公寓,114.23846255988246,30.624474703368406
站北新村,114.25682783449349,30.62538793540378
海马公园,114.24979995365449,30.614699734130237
电信宿舍(香江西路),114.27304037322206,30.608759323464028
长堤社区,114.2791911953879,30.57380272425069
新世界·常青南园,114.24165773488384,30.630681618196533
信泰公寓,114.2876263407277,30.57355845085962
新世纪都市花园沁园春,114.26129635697625,30.607981527389427
永丰社区,114.27456969608602,30.5828457313075
华鼎丽都,114.26843263203416,30.61969234334141
江汉区青年路下牯牛洲三村,114.25471659330843,30.612962938003008
德望社区,114.2719582995259,30.60487897246211
香江新村,114.27074526473088,30.612345185566667
常青四垸社区,114.24976238745772,30.63268831023006
万科汉口传奇,114.25796608819877,30.623460168675834
青年社区,114.25489568224296,30.589106220823897
泛海国际·松海园,114.23081504640949,30.603531415770036
富安公寓,114.27201823768543,30.58203270841718
添翼苑,114.24671263571227,30.589526104312498
香江花园,114.26983113862707,30.61868748040657
盛世江城,114.23979883880627,30.635025542976763
常乐公寓,114.24307803710344,30.616252674772337
阳光花园(新湾五路),114.2487273430101,30.62795649171948
中超大院,114.26419505755119,30.594729729471123
江城人嘉,114.28709801942816,30.57218072144739
泛海国际桂海园,114.23053583528394,30.601897917409403
常青三垸社区,114.25059289996103,30.63055401929158
永康社区,114.28275541718266,30.58231400862576
金色雅园,114.24024301695951,30.625742504744586
中大公寓,114.2575820520811,30.612009033281627
任冬社区,114.27833210593123,30.582586515248387
同成广场(万松园路),114.2605884786346,30.59558683925889
永广里,114.28317133921159,30.578778770466116
景蓝公寓,114.259889526014,30.618617096236324
长城港湾,114.24569623179538,30.63387635343968
营北社区,114.2420877323792,30.588115675405486
德义里,114.27621888044175,30.579763045411433
顶琇晶城2期,114.26708186127344,30.622665289344184
江汉北村,114.27166059100603,30.59169740577502
富豪社区祥和家园,114.2604195902019,30.606010856617157
华航大厦,114.28893500302101,30.572578878625826
同成广场·万松名门,114.26014246338853,30.596028937548617
新兴花园晴雅轩,114.26338411086498,30.6075612852572
大武汉1911小区,114.2570256388887,30.616280579906242
上城国际,114.27868500074182,30.58066080839349
单洞新村,114.27439658060453,30.58543394564594
仁祥里,114.27099877404547,30.58181979704311
橡胶厂宿舍(三眼桥北路),114.27330668604371,30.614955552424483
博海名居,114.25286683959119,30.628264329229598
正街社区,114.2679142271629,30.603459325343348
妙墩社区,114.25266677316354,30.59356631907215
机场社区,114.24472552372295,30.588710529108152
常青南园北区,114.24061677288122,30.63217786870045
常青1号,114.2351328827442,30.628767987533045
常青南园,114.24118329030526,30.63150422283436
华南国际广场,114.25847154354767,30.618419972606212
新育社区,114.2698340770666,30.584593866924195
香江家园,114.26937934788864,30.618532962304716
凤凰城(北湖西路),114.26224149507603,30.605161029314303
田园小区,114.26979866543901,30.62433718728983
武汉天街,114.2541352961689,30.615014333053317
大唐新都,114.26535410778645,30.614160164886147
汉和蕙苑,114.26724758461891,30.625227090209897
东方现代花园(常超街),114.23888686560524,30.613807154395307
西桥老年宜居社区,114.27286999484886,30.614258289404994
焕英里,114.27416704515902,30.581680603054494
新世界·常青南园(常青五路),114.24165773488384,30.630681618196533
阳光新苑,114.24653265636425,30.63455200705871
汉口饭店综合楼,114.23858905902351,30.608428252503636
碧湖花园(北湖横路),114.2618186131199,30.60439061500145
常宁里,114.23203356248098,30.626497696168343
福星科技大厦,114.25258072352617,30.593856234796537
科技创业社区,114.23323190006624,30.627327871328774
同益社区,114.27767996497447,30.578302889937017
新世纪都市花园,114.26164015708505,30.609908535977585
复兴村汉江公寓,114.23902736839915,30.60943593943048
王家墩社区,114.24865356941251,30.590110625192796
三金华都2期,114.25977463725543,30.6173646743916
荷花苑(香港路),114.26837806820123,30.614880351908123
福星惠誉·福星城南区,114.24192479166018,30.620812738136163
东方万豪,114.26074812524534,30.599570191933676
香河公寓,114.25612159848576,30.61556629086002
西街花园,114.26105250296445,30.59492380766653
银龙花园,114.2430058440308,30.6178940034955
长盛公寓,114.28381115234366,30.585574362495368
万松街社区,114.2612989466702,30.589526723073647
航侧社区,114.26016897934707,30.590025230621116
添地大厦,114.26501481611693,30.60694532192003
江汉区满春街大夹社区,114.27828912147177,30.571188774797943
友谊社区北区,114.27201541326829,30.580012465104847
浩海丰太花园,114.25122830237403,30.628560692017224
多闻社区东区,114.2759039889114,30.580989945634283
积庆社区东区,114.28259696900598,30.57759297612703
江汉人家A区,114.26399611904482,30.62929496740416
天润·北湖假日,114.26397119989521,30.605223789434433
福星华府东区,114.24519466893534,30.636871108210393
站东社区,114.26205385550438,30.624455340163856
华微商厦,114.2602713905302,30.620015297285786
楚天都市金园,114.23676190681837,30.613169899310606
大董社区,114.28446467351031,30.57227340514068
民意街仁厚社区,114.27129265258114,30.581544612534998
统建阳光北苑,114.24553051753705,30.62941023973442
云飞雅苑,114.23476976102083,30.60245653368072
绿色家园南区,114.25125880693437,30.63442921760184
天后社区,114.27397761601928,30.57638977036446
穗丰花园东区,114.27464706230272,30.612816983388587
南阳公寓,114.27637381886589,30.579239063251844
琼楼里,114.24954573729507,30.615977268842943
空装居乐苑,114.23384875083795,30.590787716647313
民权街积庆社区西区,114.28106134331654,30.577384057170335
东方名园(唐家墩路),114.26733424413258,30.61724029909883
三眼桥二村,114.27574841222264,30.612070064073347
友谊社区南区,114.27260418169196,30.57901623729802
唐蔡社区香江花园4期,114.26930657100289,30.616303937412948
西马街道光荣坊社区,114.27872723116545,30.589202537471273
航空新一村,114.2590273462814,30.58600541528776
美联联邦生活区二期美联时光里,114.26256911736093,30.632210755314738
三金华都,114.25972264500795,30.61728973517469
汉寿里,114.28204517507345,30.580958453464355
莱特大厦,114.24304825225781,30.625111038299046
商务中心商品房,114.27089880127642,30.605267864409402
北湖西路居住区,114.25848268837655,30.605140307765026
港信小区,114.26314012869129,30.60784734402441
钉丝小区,114.27175029757863,30.617750008724677
积益小区,114.269896909151,30.62100846791132
雅苑公寓(发展大道),114.26848637297836,30.622453161339784
中城悦城1期,114.23617359537499,30.609905039642236
南国中心1期,114.27583847182332,30.587498570668117
江汉区航空村,114.25414946483413,30.58987321901893
循礼社区,114.27580642765525,30.588260317524927
泛海国际,114.2419094389378,30.601559468333807
北鑫花苑,114.27070682209458,30.606096721280956
友谊社区东区,114.2733987062297,30.57931830026199
天仁社区东区,114.2743442273136,30.578306667674703
复兴湾公寓,114.23489166942657,30.616647899778467
电建地产·盛世江城,114.23979883880627,30.635025542976763
北湖街黄菱苑,114.27361540513748,30.60453439974178
馨兰花苑(香港路),114.26968364432922,30.613577693958163
发长社区,114.22187736478584,30.601018496706757
民意街永丰社区,114.27449674149439,30.5828468102041
中央锦城,114.2647127864127,30.61973139133018
常青锦园,114.23564543521769,30.628634213688972
中铁南苑,114.23470531339484,30.618440103524563
妙三社区,114.25978315024904,30.599805679439132
常青街扬子社区,114.23711282949485,30.606482672510833
沿海·菱角湖壹号,114.26659130179065,30.60779572664867
新龙和苑,114.25529733051896,30.640428279071006
都市礼寓,114.2609624310965,30.61904726971338
葛洲坝国际广场-北区,114.25648203574613,30.611013964003064
闸眼港,114.24765394040675,30.638193337713375
天下·城市星座,114.26857566053334,30.60712229136424
福新里,114.28298487224468,30.5861872450655
前进坊,114.28085794795275,30.583979858289876
新华街协和社区,114.26943298136018,30.587727054462363
汉兴街常四社区,114.25124896893794,30.632511029779305
老甫社区,114.28237351340653,30.585216424015904
邬家墩社区,114.25585350975985,30.61616516673432
汉水桥街阳光家园,114.24096681813998,30.588545398335036
长康里,114.28126157511888,30.58429022361624
汉西营院,114.23082704934006,30.592068880459554
万科尊悦,114.22689472639424,30.627567425431476
单调社区,114.27804305080949,30.58576366665286
富豪花园西区,114.25946145417319,30.607956646880584
红莲湖高尔夫国际社区,114.2411528996196,30.61255501847081
复兴五村新村,114.23356207275279,30.61810580673771
民航新村,114.23376236789962,30.628904427214295
唐樾南门,114.25955934770901,30.620776403771117
万景苑2期,114.2509337818594,30.63338374412772
金阁丽,114.24833013563331,30.616599234428165
万科金色家园1期,114.27557588331743,30.584758901518672
武汉万科翡翠国际,114.27334161927529,30.603905936582084
阳光花园,114.2487273430101,30.62795649171948
姑嫂树社区,114.24774703848877,30.637602577008227
新兴花园,114.26388598972387,30.607861803555746
阳光城·央座,114.27873063882053,30.607621354536462
北湖街毛纺大院,114.2701591481981,30.60527656923999
武汉星宇世纪,114.26837730830347,30.600503080995896
汉口花园1期A区,114.26077407600238,30.634917781743304
天竺社区,114.27413533725912,30.578515815277576
西福巷,114.28164833344927,30.583188137164264
贯中里,114.2832168223037,30.584278654184473
科技王公寓,114.28077793368713,30.58493260171574
香江花园一二期,114.26876374712081,30.616848208808264
蓝天花园(振兴路),114.2350477685674,30.60584129412196
环保小院,114.266696545537,30.60458491448717
万科金色家园三期,114.2770508850626,30.584539299185014
妙墩社区外贸,114.25550089398699,30.59947696937622
武汉市道路运输信息中心家属院,114.25091834181941,30.61522326112594
八一二小区,114.26897739259385,30.608363435615363
黄孝北路商品房住宅区,114.27231328713502,30.60283042271948
武汉市江汉区杨子社区,114.23626376761163,30.608972439796375
长乐小区(常青路),114.24395988612224,30.613497813376135
万丰花园(红旗渠路),114.25517440548352,30.627720700326094
民主街小区,114.27207940397115,30.579727506659896
江三小区,114.28242744007136,30.58550224492589
三峡小区,114.26680416106244,30.620241518291873
人民小区(统一街),114.28223444952306,30.575817110472606
长航小区,114.27052902499003,30.60472043750837
消防小区,114.2846586271828,30.582210465259077
毛纺小区,114.27023711739818,30.605220517639026
CBD楚世家,114.23372983123731,30.588300618008464
香港路公务员小区西区,114.26979978279239,30.611381470669574
复兴村电信小区,114.23359070467025,30.611153632071584
华盈里小区,114.28551101317251,30.579554268281342
泛海国际竹海园,114.23520604370765,30.604607836706464
韵竹里小区,114.26116019241957,30.633223256144614
园丁苑小区,114.25357244055851,30.635021248102102
多闻安全小区,114.27565122303129,30.58023851033149
武汉市红光小区(新湾路),114.24334071939427,30.633692459632538
新华医院小区,114.26792079872219,30.608400359055455
新华小路小区,114.2653396516274,30.596294253035932
易初莲花小区,114.24401822286538,30.586821250572502
东三巷小区,114.26606401376938,30.6245723399986
井南小区,114.25943853840452,30.618584370667037
九头鸟小区,114.26703760247125,30.614242766513247
满喜里小区,114.27777014192976,30.57547582675437
新华西路小区,114.26148491335334,30.612920426046294
大兴路小区,114.28358665556276,30.570614207797156
长江航运中心小区,114.28825957205939,30.574563153865302
武警万松小区(万松园横路),114.26014589087953,30.59106384742152
民意三路小区,114.27339577693544,30.57851760049961
香港北路小区,114.27422149093327,30.610909212320475
前进二路小区,114.27838037177816,30.57907676622359
工人新村,114.27102089020735,30.615139789122047
紫藤花园(香港路),114.27358295039758,30.610026247849596
中央华府,114.25339699735206,30.59324120053538
杨汊湖干警小区,114.25077876437318,30.632929974590255
锦绣人家(新湾三路),114.24666255000083,30.625024984094253
新育社区出版社小区,114.27061778251412,30.58384740524277
和平社区,114.28737681729342,30.57111270635792
新大陆城市花园,114.26294094906982,30.621909786827246
东方时空,114.274400224979,30.589532386934387
贺家墩社区,114.2463803415691,30.614010517277514
菱角湖路小区,114.26872630794824,30.610519799260697
楚天星座,114.25876687173263,30.591480475559216
新华豪庭(新华路),114.26458289056913,30.607275519736074
济生社区,114.27911079814831,30.57914685210132
地质大院,114.26268041074721,30.582207572567814
金星花苑,114.26928446716707,30.606022087703614
德富花园,114.25996878034726,30.604033908909255
长安公寓,114.27492725234725,30.60855838539175
边防家园,114.23655833772493,30.629008336392584
鸿泰佳园,114.25661472057948,30.603240994921737
鹏飞湖庭,114.27042841429736,30.612346489071584
崇安鑫城,114.27430202376614,30.580969723084475
嘉颐新都,114.25727302234276,30.600476765588194
新华西·美林公馆,114.25984610274219,30.611941828263113
学林华府,114.25513666330032,30.624653990010685
万松园雪松路小区,114.26247727548595,30.595731562644964
穗丰花园,114.2717467137243,30.612948959518686
绿色家园(长港路),114.25125880693437,30.63442921760184
文锦苑(常青一路),114.25241803454544,30.624515030839884
江都仕嘉,114.27471894985631,30.590413703778527
思联花园城,114.24254649836303,30.618030922822157
富强天嘉园,114.23760619627436,30.61937160353386
白松小区,114.26282825192465,30.59540044990868
华玻小区,114.25647274598852,30.59114675958827
安友花园,114.27212442695732,30.613974166341674
上海村,114.28804216252163,30.582031706105436
华苑小区,114.25746547524803,30.63020261761949
舞台天下,114.27579832333083,30.577935200169232
清芬社区,114.27670198201109,30.574690365711803
江城华庭,114.27352321317304,30.584196345464672
新华家园-四期蝶苑,114.25857066349192,30.628658690234076
北湖公寓,114.26388316580243,30.605825615271183
永安公寓(楚宝后街),114.28076042140385,30.57945167560222
泽皓雅居,114.23787257475341,30.629518469920583
中奇万松欧式花园,114.26130983539632,30.590807227152684
多闻社区,114.27485277532533,30.579856538403682
国贸新都,114.26462079419012,30.596689652075206
香江苑,114.27050193904697,30.617456348500532
两湖总都,114.26083471521483,30.604259295505607
京华时代,114.25547155413777,30.626574053112165
中保大楼,114.25124356634143,30.59073782180674
汉西花园,114.2221969376122,30.60038400462615
金盾花园(江达路),114.22822217410629,30.620639111081356
团市委宿舍,114.27280157885363,30.607933900199743
鑫城国际聚福苑,114.25798586907577,30.614413856828442
单洞社区(单洞三路),114.2751021462688,30.585301223978433
新华街邮三社区,114.2723398343642,30.584719374482955
城市之光(马场角横路),114.26103450097148,30.60657025489363
常宏里42-50号小区,114.24388194268683,30.612230323542594
红光小区,114.24466575009961,30.632064155782796
北湖宿舍区,114.26771985267293,30.608618446129967
逸安公寓,114.27257079196238,30.583751502917718
常青街银河里社区,114.24478292534974,30.619301449281355
天星苑(建设大道),114.24480758800907,30.588571580203595
世纪江尚,114.28966072485815,30.57799579850345
鑫城国际润雅苑,114.25963779990167,30.61551450597168
金涛鸿公馆,114.24943273374896,30.61545950161696
顶琇国际公馆,114.24856042714423,30.62608229986579
万景橘苑,114.24519683407605,30.634971913797102
都市花园上园,114.26217236171607,30.606812420356047
万景国际,114.25741042120832,30.607580891871347
远洋心里,114.25444277232522,30.633449590160275
唐蔡天下,114.26998391063874,30.6205405783988
喜艳公寓,114.25763996468058,30.613068577199872
新世纪都市花园梅园,114.26045118945585,30.610640990013803
阳光大厦(唐家墩路),114.26670065024294,30.614952760096525
都会轩,114.28075486844043,30.585915260251383
中百宿舍,114.26678189776203,30.623376246831047
常青五垸,114.24992643443562,30.63292417573197
万科金色家园2期,114.27589673317391,30.584012821505468
天梨豪园3期,114.24446995004504,30.616676525042084
华立·新华时代-忆江南,114.26354799330734,30.608577762694527
法院宿舍(天门墩一路),114.2693942677157,30.607796281284184
香江新村南区,114.26988003936395,30.607994751409418
天瑞国际,114.26910843059214,30.58409572361926
江汉勘测设计院宿舍,114.2396986466987,30.613055608635474
红玫苑,114.25821449184726,30.63051010498474
新华锦绣公寓,114.26237546837736,30.628458460179345
建设社区(新华路),114.26843721126602,30.60136069162276
新华家园,114.2584836043445,30.62931646206409
馨兰花苑(三眼桥北路),114.27291603919959,30.613444570661173
前进街绍兴社区,114.27735791813234,30.581585048289888
新华家园悦景居,114.25640358814728,30.627699172623622
香江新村北区,114.27075138658164,30.610898761296934
东方名都(江发路),114.23286059299437,30.625903307969846
香江花园2期,114.26910060147804,30.61694786363297
汉北社区,114.27210642622093,30.5909052624128
广益·天下北区,114.28356019193104,30.576276172017504
长江日报宿舍(高家台路),114.27476161552738,30.605569756215704
杨汊湖公寓,114.2565882304749,30.632095245945983
广益·天下南区,114.28315365010113,30.575366054814072
绿色家园北区,114.2502963660709,30.63542603540084
新华家园一期区,114.25854369493172,30.62828586043452
常青街银河社区,114.24566367914855,30.61686241021207
香江花园4期,114.26944052873023,30.61613488298812
长安花园(天门墩路),114.27226367228843,30.610267517652492
常青南园3期,114.24043964253389,30.63198992313491
众联新澳国际,114.27481986820287,30.613801397023224
民族花园(八古墩东三巷),114.26702675480958,30.624110738749074
速丰公寓,114.25678179522357,30.590971682116027
青松社区,114.26204152121102,30.593545699595374
华中社区,114.28328372580559,30.584675414854804
顺天泰综合社区,114.27700916421662,30.57004870299488
广播大院,114.26506273687353,30.584515968438435
万松还建楼,114.26242280042021,30.58972590763611
天梨豪园,114.24494025398971,30.61664452905996
香江花园一二期北区,114.26937934788864,30.618532962304716
汉来广场-仁爱楼,114.28712581422722,30.57421893597094
香江花园十二期南区,114.26910260134093,30.616939865068865
江汉区北湖街妙三社区,114.26476031675048,30.601851530477372
满春街小夹社区,114.27837114401294,30.570202034457964
立志巷,114.28221678851358,30.583661216074276
新华时代(新华路),114.26297508715793,30.608646141006837
新业大厦(建设大道),114.25704748401296,30.594888049361572
万年社区,114.28087186226449,30.573243822062977
江汉区万松街航空社区,114.25437519684223,30.593547724874643
富豪花园东区,114.25999438150048,30.608652059720253
天门墩社区,114.27247174743455,30.608090176474782
万科·金色家园3期,114.27705588053502,30.58455028922656
江城华庭,114.27352321317304,30.584196345464672
远洋心苑,114.24228880621787,30.623839520382145
江汉区汉兴街常青四垸社区,114.24976238745772,30.63268831023006
正街社区,114.2679142271629,30.603459325343348
汉兴街常二社区,114.2519632892833,30.63154523587035
和祥里社区,114.25616418942919,30.631974491127416
桂海园,114.23251931893326,30.601242117078424
下牯牛洲四村,114.25813398717162,30.613126300011338
龙泉公寓,114.24485625726307,30.615990796932124
美联联邦生活区一期美联时光里,114.26313908303959,30.631570629247253
中城悦城,114.23615257554786,30.609886040870983
香江花园1期,114.268810676821,30.617444923598825
辉煌公寓(青年路),114.25867359286039,30.606305742659487
公园社区(万松园路),114.26373279478206,30.58726292544686
远洋心汉口御峰,114.23941909757502,30.616603122887426
江汉区民政局社区,114.23434658137747,30.6107830718796
东一时区B座,114.2674122284233,30.593914479900906
玉兰里社区,114.2332097307232,30.628995166643733
江汉区万松街凌云社区,114.24105778488035,30.58978293806669
顶琇国际城,114.26283704105212,30.621034219045082
精武路华中石化大厦,114.2741176073339,30.587108613107056
瑞祥阁,114.26047058552201,30.606032816941973
汉口花园1期,114.26161416388605,30.633054036433293
蓝空·国粹香舍,114.26729608997252,30.619178540308354
青年社区华航大院,114.25799200716466,30.589598606957193
江汉区万松街阳光家园,114.25717285099745,30.590756576536208
航空路航测村,114.25957741325743,30.58519241108578
水塔街东民社区,114.27923417041103,30.58529140046465
唐蔡社区三峡大院,114.26752190607382,30.620405845000285
同成大厦-万松名门,114.26067640932855,30.596327498378894
五号院,114.2293884521162,30.623948417644264
正街社区(北湖正街),114.26755341389293,30.602793899231482
唐家墩街阳光家园,114.27226125302151,30.61514155522446
喜艳A栋,114.25716192927631,30.61305382030062
省运社区,114.26909685300699,30.590854170523667
武汉市司法局干警公寓(振兴三路),114.23842083569588,30.60922889648318
电业社区,114.25819616724502,30.587850165728007
学府花苑,114.2641645360156,30.612458756693055
多闻社区西区,114.2751175989091,30.579935217509597
香江花园11、2期,114.26876374712081,30.616848208808264
舞台社区(友谊路),114.27670478089419,30.57700051194969
电业新村(青年路),114.25792209247601,30.58856503665543
单洞社区名仕阁公寓,114.2783088423176,30.585848316006253
蓝色天际(八古墩西三巷),114.26310779348326,30.623396057355276
青松社区,114.26204152121102,30.593545699595374
长福沁苑公寓,114.2771916219724,30.609594401989195
